"","GVIF","Df","GVIF^(1/(2*Df))"
"LATITUDE",76.3415033861633,1,8.73736249598031
"LONGITUDE",30.7268701059114,1,5.54318230855809
"WATER_RIGHT_TYPE.x",1.00946667619003,1,1.0047221885626
"COUNTY.x",1403.72501191303,56,1.06684354168725
