"","GVIF","Df","GVIF^(1/(2*Df))"
"log_TOTAL_ACRES_IRRIGATED",1.92850756029891,1,1.38870715426216
"LATITUDE",76.3936384701122,1,8.74034544340853
"LONGITUDE",30.8972090851992,1,5.55852580143325
"WATER_RIGHT_TYPE.x",1.01142013479042,1,1.00569385738922
"COUNTY.x",2247.3840784495,56,1.07133597894194
